,refactoring_rate_%,refactoring_rate_%,refactoring_rate_%,refactoring_rate_%,refactoring_rate_%,refactoring_rate_%,refactors_per_all_commits,refactors_per_all_commits,refactors_per_all_commits,refactors_per_all_commits,refactors_per_all_commits,refactors_per_all_commits,refactors_per_refactoring_commit,refactors_per_refactoring_commit,refactors_per_refactoring_commit,refactors_per_refactoring_commit,refactors_per_refactoring_commit,refactors_per_refactoring_commit
,count,mean,median,std,min,max,count,mean,median,std,min,max,count,mean,median,std,min,max
agent,,,,,,,,,,,,,,,,,,
Claude_Code,4,32.291666666666664,31.25,37.32598513993525,0.0,66.66666666666666,4,131.7734375,1.5,261.5506983784705,0.0,524.09375,4,210.7625,2.25,418.5303759884101,0.0,838.55
Copilot,34,12.650039577296772,0.47393364928909953,16.533164041992393,0.0,50.0,34,4.478286831733813,0.014218009478672985,18.723691454910952,0.0,108.88679245283019,34,22.093262946204124,0.5,76.62641375113935,0.0,347.9
Cursor,9,24.074074074074073,0.0,43.390275977259186,0.0,100.0,9,0.5444444444444445,0.0,1.0088497300281039,0.0,3.0,9,1.0444444444444445,0.0,1.9151443229630967,0.0,5.4
Devin,2,23.78472222222222,23.78472222222222,29.217259361527482,3.125,44.44444444444444,2,2.9305555555555554,2.9305555555555554,3.0837712401746655,0.75,5.111111111111111,2,17.75,17.75,8.838834764831844,11.5,24.0
Human,82,14.070725961870245,10.990338164251208,13.493496664197197,0.0,56.43835616438356,82,1.3553683079484327,0.4378411158277744,2.7959729289533133,0.0,19.2,82,7.479088900853276,2.9444444444444446,15.557867603374262,0.0,96.0
OpenAI_Codex,40,23.31017635735557,13.604010025062657,27.533171399637943,0.0,100.0,40,5.722903120576148,0.30952380952380953,23.02247767984663,0.0,141.8,40,10.86575174072915,1.25,34.59801044410255,0.0,202.57142857142858
